{
  "type": "logistic_regression",
  "feature_names": [
    "url_length",
    "hostname_length",
    "path_length",
    "query_length",
    "count_dots",
    "count_hyphens",
    "count_digits",
    "count_special_chars",
    "count_slashes",
    "is_https",
    "subdomain_count",
    "tld_length",
    "is_suspicious_tld",
    "is_ip",
    "first_subdomain_length",
    "has_multiple_subdomains",
    "starts_with_number",
    "contains_repeated_chars",
    "contains_login_keyword",
    "contains_finance_keyword",
    "contains_encoded_chars",
    "contains_email_pattern",
    "contains_hex_pattern",
    "contains_uuid_pattern",
    "digit_ratio",
    "special_char_ratio",
    "entropy_hostname",
    "entropy_path"
  ],
  "coefficients": [
    1.2886701011781494,
    -1.2167202834451218,
    -0.9511210538051814,
    -1.201054353962351,
    -0.7044512511517961,
    4.943078076532492,
    0.20306988945345797,
    -2.202774560882851,
    -1.7319624435264953,
    -1.9791277742921503,
    -2.1914360557862325,
    -1.5694567468704579,
    2.0358270798038,
    0.03478452541883191,
    0.7892558308564238,
    1.139039852056406,
    -1.5726511188273624,
    -1.2200466069415619,
    4.209479405573747,
    0.34606192908796857,
    0.0,
    -0.01426359931741507,
    -0.04481509549793876,
    0.0,
    1.085016532298278,
    0.09528337415565805,
    -0.9667816238330608,
    0.41440139324710784
  ],
  "intercept": 2.032396037136173
}